ORIGIN,ORIGIN_CITY,total_departures,avg_dep_delay,avg_arr_delay,delay_rate,cancellation_rate,avg_taxi_out,AIRPORT_NAME,LATITUDE,LONGITUDE,iso_country,AIRPORT_TYPE
ABE,"Allentown/Bethlehem/Easton, PA",2018,14.024777006937562,13.964816650148663,0.15758176412289396,0.02527254707631318,14.155104063429137,Lehigh Valley International Airport,40.651773,-75.442797,US,medium_airport
ABI,"Abilene, TX",901,12.820199778024417,14.148723640399556,0.17758046614872364,0.029966703662597113,12.749167591564929,Abilene Regional Airport,32.4113006592,-99.6819000244,US,medium_airport
ABQ,"Albuquerque, NM",9264,11.711463730569948,11.541774611398964,0.1564119170984456,0.025259067357512953,13.129209844559586,Albuquerque International Sunport,35.039976,-106.608925,US,large_airport
ABR,"Aberdeen, SD",332,18.370481927710845,18.68975903614458,0.10240963855421686,0.012048192771084338,14.548192771084338,Aberdeen Regional Airport,45.449100494384766,-98.42179870605467,US,medium_airport
ABY,"Albany, GA",435,7.335632183908046,7.501149425287356,0.0896551724137931,0.011494252873563218,12.940229885057471,Southwest Georgia Regional Airport,31.532946,-84.196215,US,medium_airport
ACK,"Nantucket, MA",594,27.116161616161616,27.74074074074074,0.23063973063973064,0.045454545454545456,14.83838383838384,Nantucket Memorial Airport,41.25310135,-70.06020355,US,medium_airport
ACT,"Waco, TX",718,13.774373259052926,14.837047353760445,0.15877437325905291,0.04735376044568245,11.696378830083566,Waco Regional Airport,31.611299514770508,-97.23049926757812,US,medium_airport
ACV,"Arcata/Eureka, CA",841,19.42092746730083,20.278240190249704,0.14863258026159334,0.04637336504161712,11.909631391200952,California Redwood Coast-Humboldt County Airport,40.978101,-124.109,US,medium_airport
ACY,"Atlantic City, NJ",1349,10.255003706449221,11.586360266864345,0.16456634544106746,0.0340993328391401,11.202372127501853,Atlantic City International Airport,39.456201,-74.577511,US,medium_airport
ADK,"Adak Island, AK",41,21.21951219512195,20.21951219512195,0.4146341463414634,0.0,9.75609756097561,Adak Airport,51.883564,-176.642783,US,medium_airport
ADQ,"Kodiak, AK",373,6.833780160857909,8.214477211796247,0.1581769436997319,0.05361930294906166,9.040214477211796,Kodiak Airport,57.75,-152.4940033,US,medium_airport
AEX,"Alexandria, LA",1186,11.036256323777403,11.991568296795952,0.15177065767284992,0.02866779089376054,15.419055649241146,Alexandria International Airport,31.325828,-92.546702,US,medium_airport
AGS,"Augusta, GA",1829,12.089666484417714,11.60087479496993,0.1443411700382723,0.02241662110442865,15.344450519409513,Augusta Regional At Bush Field,33.3699,-81.9645,US,medium_airport
AKN,"King Salmon, AK",153,10.718954248366012,11.49673202614379,0.20915032679738563,0.0457516339869281,8.032679738562091,King Salmon Airport,58.677845,-156.651965,US,medium_airport
ALB,"Albany, NY",4863,12.858523545136746,13.327369936253342,0.16718075262183837,0.036602920008225376,13.346493933785728,Albany International Airport,42.748299,-73.801697,US,large_airport
ALO,"Waterloo, IA",268,9.261194029850746,10.645522388059701,0.12686567164179105,0.05970149253731343,12.033582089552239,Waterloo Regional Airport,42.55709838867188,-92.40029907226562,US,medium_airport
ALS,"Alamosa, CO",87,24.724137931034484,24.011494252873565,0.11494252873563218,0.06896551724137931,16.82758620689655,San Luis Valley Regional Airport/Bergman Field,37.434898,-105.866997,US,medium_airport
ALW,"Walla Walla, WA",162,9.975308641975309,9.925925925925926,0.06172839506172839,0.037037037037037035,7.54320987654321,Walla Walla Regional Airport,46.09489822,-118.288002,US,medium_airport
AMA,"Amarillo, TX",2190,14.542465753424658,15.053424657534247,0.1589041095890411,0.045205479452054796,13.092237442922375,Rick Husband Amarillo International Airport,35.217857,-101.706444,US,medium_airport
ANC,"Anchorage, AK",8386,7.733961364178392,8.412592415931314,0.13582160744097305,0.01788695444788934,14.634509897448128,Ted Stevens Anchorage International Airport,61.179004,-149.992561,US,large_airport
APN,"Alpena, MI",286,11.98951048951049,11.041958041958042,0.13636363636363635,0.024475524475524476,10.804195804195805,Alpena County Regional Airport,45.0780983,-83.56030273,US,medium_airport
ART,"Watertown, NY",21,24.095238095238095,20.142857142857142,0.19047619047619047,0.14285714285714285,13.285714285714286,Watertown International Airport,43.991901,-76.021698,US,medium_airport
ASE,"Aspen, CO",2847,27.73375482964524,28.749912188268354,0.2672989111345276,0.09518791710572533,19.56480505795574,Aspen-Pitkin County Airport (Sardy Field),39.223202,-106.869003,US,medium_airport
ATL,"Atlanta, GA",153210,10.605234645258143,10.198642386267215,0.15562952809868807,0.016062920174923306,15.343097709026827,Hartsfield Jackson Atlanta International Airport,33.6367,-84.428101,US,large_airport
ATW,"Appleton, WI",2028,12.215976331360947,13.5034516765286,0.16321499013806706,0.021696252465483234,16.187869822485208,Appleton International Airport,44.258515,-88.519,US,medium_airport
ATY,"Watertown, SD",158,13.829113924050633,15.778481012658228,0.17721518987341772,0.06962025316455696,13.943037974683545,Watertown Regional Airport,44.91400146,-97.15470123,US,medium_airport
AUS,"Austin, TX",32593,13.426195808916026,13.050992544411377,0.1829227134660817,0.0269996625042187,13.618322952781272,Austin Bergstrom International Airport,30.197535,-97.662015,US,large_airport
AVL,"Asheville, NC",4141,15.344844240521613,15.725670127988408,0.1934315382757788,0.03187635836754407,15.257908717701039,Asheville Regional Airport,35.435488,-82.541853,US,medium_airport
AVP,"Scranton/Wilkes-Barre, PA",1046,15.552581261950287,15.365200764818356,0.14244741873804972,0.02581261950286807,15.18546845124283,Wilkes-Barre/Scranton International Airport,41.337064,-75.724232,US,medium_airport
AZA,"Phoenix, AZ",2722,13.837986774430565,14.265246142542248,0.21785451873622336,0.02718589272593681,12.881704628949302,Mesa Gateway Airport,33.3078,-111.654999,US,medium_airport
AZO,"Kalamazoo, MI",816,9.061274509803921,9.666666666666666,0.12745098039215685,0.030637254901960783,15.394607843137255,Kalamazoo/Battle Creek International Airport,42.232105,-85.549637,US,medium_airport
BDL,"Hartford, CT",10531,12.861266736302346,13.256670781502232,0.16617605165701263,0.02934194283543823,13.398062862026398,Bradley International Airport,41.938555,-72.688016,US,large_airport
BET,"Bethel, AK",313,12.252396166134185,13.226837060702875,0.2523961661341853,0.01597444089456869,9.319488817891374,Bethel Airport,60.77980042,-161.8379974,US,medium_airport
BFF,"Scottsbluff, NE",300,10.163333333333334,13.103333333333333,0.15333333333333332,0.03333333333333333,16.916666666666668,Western Neb. Rgnl/William B. Heilig Airport,41.87400055,-103.5960007,US,medium_airport
BFL,"Bakersfield, CA",1189,17.3784693019344,17.741799831791422,0.1438183347350715,0.02607232968881413,15.031959629941127,Meadows Field,35.433601,-119.056999,US,medium_airport
BFM,"Mobile, AL",27,12.62962962962963,15.185185185185185,0.25925925925925924,0.0,13.444444444444445,Mobile Downtown Airport,30.626800537100003,-88.06809997559999,US,medium_airport
BGM,"Binghamton, NY",260,22.55,22.5,0.15384615384615385,0.011538461538461539,14.95,Greater Binghamton/Edwin A Link field,42.20869827,-75.97979736,US,medium_airport
BGR,"Bangor, ME",1780,15.432022471910113,16.07247191011236,0.19213483146067414,0.03876404494382023,16.05112359550562,Bangor International Airport,44.806364,-68.826668,US,medium_airport
BHM,"Birmingham, AL",7042,14.697529111047997,14.642005112184039,0.17140017040613462,0.02911104799772792,14.232320363533088,Birmingham-Shuttlesworth International Airport,33.562877,-86.750712,US,large_airport
BIH,"Bishop, CA",68,11.382352941176471,11.088235294117647,0.11764705882352941,0.058823529411764705,12.985294117647058,Eastern Sierra Regional Airport,37.3731,-118.363998,US,medium_airport
BIL,"Billings, MT",2018,11.437561942517345,13.228939544103072,0.1491575817641229,0.014866204162537165,14.841922695738354,Billings Logan International Airport,45.808932,-108.541242,US,medium_airport
BIS,"Bismarck/Mandan, ND",1750,14.244571428571428,15.285714285714286,0.1697142857142857,0.025714285714285714,16.376571428571427,Bismarck Municipal Airport,46.772734,-100.746874,US,medium_airport
BJI,"Bemidji, MN",335,14.540298507462687,14.710447761194029,0.07462686567164178,0.011940298507462687,12.044776119402986,Bemidji Regional Airport,47.50939941,-94.93370056,US,medium_airport
BKG,"Branson, MO",40,15.425,14.0,0.275,0.0,9.7,Branson Airport,36.532082,-93.200544,US,medium_airport
BLI,"Bellingham, WA",1119,7.621090259159964,7.500446827524575,0.11974977658623771,0.03306523681858802,11.115281501340483,Bellingham International Airport,48.79280090332031,-122.53800201416016,US,medium_airport
BLV,"Belleville, IL",526,24.180608365019012,25.627376425855513,0.279467680608365,0.051330798479087454,10.4106463878327,Scott AFB/Midamerica Airport,38.5452,-89.835197,US,medium_airport
BMI,"Bloomington/Normal, IL",1182,11.178510998307953,12.417089678510997,0.16074450084602368,0.02284263959390863,13.922165820642977,Central Illinois Regional Airport at Bloomington-Normal,40.4771,-88.915901,US,medium_airport
BNA,"Nashville, TN",37399,12.549560148667076,11.97478542207011,0.1742025187839247,0.02925211904061606,13.354608411989625,Nashville International Airport,36.1245,-86.6782,US,large_airport
BOI,"Boise, ID",10086,9.0852667063256,9.890937933769582,0.1372199087844537,0.012393416617093,14.46470354947452,Boise Air Terminal/Gowen Field,43.5644,-116.223,US,large_airport
BOS,"Boston, MA",55251,14.483176775080993,14.565908309351867,0.18848527628459213,0.027619409603446093,18.55732927910807,Boston Logan International Airport,42.36197,-71.0079,US,large_airport
BPT,"Beaumont/Port Arthur, TX",405,14.491358024691358,16.614814814814814,0.18765432098765433,0.024691358024691357,14.595061728395061,Jack Brooks Regional Airport,29.9508,-94.020699,US,medium_airport
BQK,"Brunswick, GA",431,9.784222737819025,10.150812064965198,0.10904872389791183,0.009280742459396751,14.097447795823665,Brunswick Golden Isles Airport,31.258801,-81.466499,US,medium_airport
BRD,"Brainerd, MN",324,12.191358024691358,11.367283950617283,0.10185185185185185,0.012345679012345678,11.685185185185185,Brainerd Lakes Regional Airport,46.402861,-94.129727,US,medium_airport
BRO,"Brownsville, TX",795,14.952201257861635,16.563522012578616,0.1471698113207547,0.026415094339622643,13.49811320754717,Brownsville South Padre Island International Airport,25.907238,-97.425235,US,medium_airport
BRW,"Barrow, AK",214,7.789719626168225,8.47196261682243,0.16822429906542055,0.04672897196261682,8.102803738317757,Wiley Post Will Rogers Memorial Airport,71.285402,-156.766008,US,medium_airport
BTM,"Butte, MT",363,7.236914600550964,8.330578512396695,0.10192837465564739,0.01928374655647383,14.669421487603305,Bert Mooney Airport,45.95479965209961,-112.49700164794922,US,medium_airport
BTR,"Baton Rouge, LA",2421,13.38124741842214,14.02932672449401,0.15117719950433706,0.02560925237505163,14.350681536555143,Baton Rouge Metropolitan Airport,30.533199,-91.149597,US,medium_airport
BTV,"Burlington, VT",3327,14.742711151187256,15.627291854523595,0.17282837391042982,0.03456567478208596,17.50225428313796,Patrick Leahy Burlington International Airport,44.471901,-73.153297,US,medium_airport
BUF,"Buffalo, NY",8729,13.473020964600757,13.54691259021652,0.161186848436247,0.041012716233245504,13.131171955550464,Buffalo Niagara International Airport,42.940498,-78.732201,US,large_airport
BUR,"Burbank, CA",12188,10.472349852313751,10.154168034131933,0.15736790285526747,0.04003938299967181,14.271004266491632,Hollywood Burbank/Bob Hope Airport,34.202834,-118.35805,US,large_airport
BWI,"Baltimore, MD",40972,14.40913306648443,12.82436786097823,0.20714146246216927,0.033657131699697355,12.910231377526115,Baltimore/Washington International Thurgood Marshall Airport,39.1754,-76.668297,US,large_airport
BZN,"Bozeman, MT",4312,13.150974025974026,14.224489795918368,0.1843692022263451,0.018320964749536178,16.123840445269018,Bozeman Yellowstone International Airport,45.778853,-111.153711,US,medium_airport
CAE,"Columbia, SC",2805,10.65204991087344,11.048841354723708,0.1358288770053476,0.021746880570409983,15.232442067736185,Columbia Metropolitan Airport,33.938172,-81.123022,US,medium_airport
CAK,"Akron, OH",1604,14.58852867830424,15.203865336658355,0.17518703241895262,0.02493765586034913,15.972568578553616,Akron Canton Regional Airport,40.91609954833984,-81.44219970703125,US,medium_airport
CDB,"Cold Bay, AK",28,17.642857142857142,20.0,0.5,0.03571428571428571,8.785714285714286,Cold Bay Airport,55.207871,-162.725029,US,medium_airport
CDC,"Cedar City, UT",299,10.45819397993311,10.434782608695652,0.09364548494983277,0.006688963210702341,14.123745819397993,Cedar City Regional Airport,37.70100021362305,-113.0989990234375,US,medium_airport
CDV,"Cordova, AK",334,7.0359281437125745,8.248502994011975,0.1347305389221557,0.020958083832335328,10.68562874251497,Merle K (Mudhole) Smith Airport,60.491798,-145.477997,US,medium_airport
CGI,"Cape Girardeau, MO",305,15.124590163934426,14.504918032786886,0.13442622950819672,0.05573770491803279,13.98032786885246,Cape Girardeau Regional Airport,37.2253,-89.570801,US,medium_airport
CHA,"Chattanooga, TN",2859,12.15215110178384,12.301154249737671,0.13396292409933544,0.020286813571178734,14.431269674711437,Chattanooga Metropolitan Airport (Lovell Field),35.035301,-85.203796,US,medium_airport
CHO,"Charlottesville, VA",1613,16.213267203967764,17.295102293862367,0.18474891506509608,0.0347179169249845,17.220086794792312,Charlottesville Albemarle Airport,38.13859939575195,-78.4529037475586,US,medium_airport
CHS,"Charleston, SC",10593,12.482771641650146,12.549891437741906,0.16756348532049467,0.03247427546492967,14.434249032379874,Charleston International Airport,32.896159,-80.038151,US,large_airport
CID,"Cedar Rapids/Iowa City, IA",3621,14.747307373653687,15.488539077602873,0.16929025131179232,0.03231151615575808,14.854736260701463,The Eastern Iowa Airport,41.884701,-91.7108,US,medium_airport
CIU,"Sault Ste. Marie, MI",351,19.113960113960115,18.145299145299145,0.1111111111111111,0.019943019943019943,15.655270655270655,Chippewa County International Airport,46.242038,-84.462082,US,medium_airport
CKB,"Clarksburg/Fairmont, WV",394,25.695431472081218,25.200507614213198,0.20812182741116753,0.03553299492385787,14.050761421319796,North Central West Virginia Airport,39.2966,-80.228104,US,medium_airport
CLE,"Cleveland, OH",17920,12.584598214285714,12.843415178571428,0.1625,0.029575892857142856,14.30619419642857,Cleveland Hopkins International Airport,41.411701,-81.8498,US,large_airport
CLL,"College Station/Bryan, TX",728,8.188186813186814,10.05631868131868,0.14285714285714285,0.04807692307692308,11.961538461538462,Easterwood Field,30.5886,-96.3638,US,medium_airport
CLT,"Charlotte, NC",94101,11.758674190497445,12.162144929384384,0.18196405989309358,0.02478188329560791,20.10777781320071,Charlotte Douglas International Airport,35.2140007019043,-80.94309997558594,US,large_airport
CMH,"Columbus, OH",17532,10.848220396988363,11.195414099931554,0.15206479580196214,0.027777777777777776,13.702600958247775,John Glenn Columbus International Airport,39.998001,-82.891899,US,large_airport
CMI,"Champaign/Urbana, IL",851,10.263219741480611,11.313748531139835,0.13513513513513514,0.022326674500587545,12.863689776733255,University of Illinois Willard Airport,40.039819,-88.276249,US,medium_airport
CMX,"Hancock/Houghton, MI",350,20.154285714285713,20.12,0.18285714285714286,0.054285714285714284,15.871428571428572,Houghton County Memorial Airport,47.168399810791016,-88.48909759521484,US,medium_airport
CNY,"Moab, UT",302,27.658940397350992,28.37748344370861,0.16225165562913907,0.039735099337748346,16.79801324503311,Canyonlands Regional Airport,38.755001,-109.754997,US,medium_airport
COD,"Cody, WY",246,25.630081300813007,27.341463414634145,0.22764227642276422,0.016260162601626018,18.097560975609756,Yellowstone Regional Airport,44.520199,-109.024002,US,medium_airport
COS,"Colorado Springs, CO",4709,14.772775536207263,15.126141431301763,0.18347844552983647,0.022085368443406243,18.259927797833935,City of Colorado Springs Municipal Airport,38.805801,-104.700996,US,large_airport
COU,"Columbia, MO",695,16.4,17.237410071942445,0.17985611510791366,0.05467625899280575,14.755395683453237,Columbia Regional Airport,38.8181,-92.219597,US,medium_airport
CPR,"Casper, WY",719,11.055632823365785,12.82892906815021,0.17107093184979139,0.02086230876216968,18.31710709318498,Casper-Natrona County International Airport,42.907381,-106.461609,US,medium_airport
CRP,"Corpus Christi, TX",2017,9.49628160634606,10.1631135349529,0.13039167079821518,0.04115022310361924,12.759543877045116,Corpus Christi International Airport,27.770399,-97.501198,US,medium_airport
CRW,"Charleston/Dunbar, WV",1621,13.14682294879704,13.523750771128933,0.16286243059839606,0.024676125848241828,16.812461443553364,Yeager Airport,38.3731,-81.593201,US,medium_airport
CSG,"Columbus, GA",624,7.493589743589744,8.166666666666666,0.14262820512820512,0.016025641025641024,16.96474358974359,Columbus Airport,32.516415,-84.939602,US,medium_airport
CVG,"Cincinnati, OH",17493,12.13153832961756,12.718515977819699,0.173212141999657,0.025553078374206825,14.51626364831647,Cincinnati Northern Kentucky International Airport,39.048801,-84.667801,US,large_airport
CWA,"Mosinee, WI",892,11.855381165919283,12.088565022421525,0.13565022421524664,0.028026905829596414,15.688340807174887,Central Wisconsin Airport,44.777448,-89.670238,US,medium_airport
CYS,"Cheyenne, WY",162,17.0,18.098765432098766,0.12962962962962962,0.06172839506172839,15.037037037037036,Cheyenne Regional Jerry Olson Field,41.155701,-104.811997,US,medium_airport
DAB,"Daytona Beach, FL",1418,12.909026798307476,12.654442877291961,0.1234132581100141,0.0232722143864598,14.270098730606488,Daytona Beach International Airport,29.18255,-81.059464,US,medium_airport
DAL,"Dallas, TX",30739,13.573701161391067,11.493314681674745,0.20212108396499562,0.0378672045284492,11.203845277985621,Dallas Love Field,32.844776,-96.847653,US,large_airport
DAY,"Dayton, OH",4014,11.721973094170403,12.413054309915296,0.14374688589935228,0.02092675635276532,15.377179870453412,James M. Cox Dayton International Airport,39.902401,-84.219398,US,medium_airport
DBQ,"Dubuque, IA",246,9.516260162601625,10.373983739837398,0.13008130081300814,0.04065040650406504,13.41869918699187,Dubuque Regional Airport,42.402,-90.709503,US,medium_airport
DCA,"Washington, DC",53155,13.267105634465244,13.744784121907628,0.18190198476154643,0.0333176559119556,18.789765779324618,Ronald Reagan Washington National Airport,38.8521,-77.037697,US,large_airport
DDC,"Dodge City, KS",235,11.629787234042553,13.012765957446808,0.1148936170212766,0.0425531914893617,15.391489361702128,Dodge City Regional Airport,37.76340103149414,-99.9655990600586,US,medium_airport
DEC,"Decatur, IL",282,22.624113475177303,22.411347517730498,0.10638297872340426,0.03546099290780142,11.47517730496454,Decatur Airport,39.834598541259766,-88.8656997680664,US,medium_airport
DEN,"Denver, CO",119624,15.322903430749683,14.616556878218418,0.21904467330970373,0.02727713502307229,16.664189460308968,Denver International Airport,39.860027,-104.673792,US,large_airport
DFW,"Dallas/Fort Worth, TX",129971,14.882119857506675,15.154688353555793,0.20942364065830069,0.03229181894422602,18.349277915842766,Dallas Fort Worth International Airport,32.896801,-97.038002,US,large_airport
DHN,"Dothan, AL",483,8.219461697722567,8.229813664596273,0.12215320910973085,0.006211180124223602,16.047619047619047,Dothan Regional Airport,31.3213005065918,-85.44960021972656,US,medium_airport
DIK,"Dickinson, ND",86,17.290697674418606,18.069767441860463,0.1511627906976744,0.023255813953488372,22.325581395348838,Dickinson Theodore Roosevelt Regional Airport,46.797533,-102.801905,US,medium_airport
DLG,"Dillingham, AK",137,10.598540145985401,11.744525547445255,0.26277372262773724,0.051094890510948905,8.138686131386862,Dillingham Airport,59.04470062,-158.5050049,US,medium_airport
DLH,"Duluth, MN",993,14.371601208459214,14.089627391742196,0.14501510574018128,0.035246727089627394,16.434038267875128,Duluth International Airport,46.841873,-92.198746,US,medium_airport
DRO,"Durango, CO",1583,15.152242577384712,16.914718888186986,0.18445988629185092,0.027795325331648767,19.737207833228048,Durango La Plata County Airport,37.151501,-107.753998,US,medium_airport
DRT,"Del Rio, TX",280,12.960714285714285,13.817857142857143,0.16785714285714284,0.025,14.696428571428571,Del Rio International Airport,29.3742008209,-100.927001953,US,medium_airport
DSM,"Des Moines, IA",6867,11.557885539536915,12.550895587592835,0.15174020678607836,0.023591087811271297,14.308431629532548,Des Moines International Airport,41.534027,-93.656719,US,large_airport
DTW,"Detroit, MI",62165,10.9778975307649,11.090291964932035,0.1508244188852248,0.017533982144293414,16.725842515885144,Detroit Metropolitan Wayne County Airport,42.21377,-83.353786,US,large_airport
DVL,"Devils Lake, ND",267,11.599250936329588,12.786516853932584,0.14606741573033707,0.07116104868913857,17.363295880149813,Devils Lake Regional Airport,48.115454,-98.908796,US,medium_airport
EAR,"Kearney, NE",301,13.069767441860465,14.09966777408638,0.13953488372093023,0.036544850498338874,16.325581395348838,Kearney Regional Airport,40.727001,-99.006798,US,medium_airport
EAT,"Wenatchee, WA",138,10.08695652173913,10.68840579710145,0.10144927536231885,0.036231884057971016,7.797101449275362,Pangborn Memorial Airport,47.398899,-120.207001,US,medium_airport
EAU,"Eau Claire, WI",279,15.093189964157705,15.362007168458781,0.13620071684587814,0.03942652329749104,14.189964157706093,Chippewa Valley Regional Airport,44.86579895019531,-91.48429870605467,US,medium_airport
ECP,"Panama City, FL",3358,11.843656938653961,11.605717689100656,0.1509827278141751,0.0247170935080405,11.68671828469327,Northwest Florida Beaches International Airport,30.357106,-85.795414,US,medium_airport
EGE,"Eagle, CO",1313,21.527037319116527,21.743335872048743,0.21934501142421933,0.04798172124904798,17.88804265041889,Eagle County Regional Airport,39.64260101,-106.9179993,US,medium_airport
EKO,"Elko, NV",245,14.073469387755102,15.383673469387755,0.10204081632653061,0.0163265306122449,13.208163265306123,Elko Regional Airport,40.82490158081055,-115.79199981689452,US,medium_airport
ELM,"Elmira/Corning, NY",472,11.815677966101696,12.453389830508474,0.16101694915254236,0.029661016949152543,13.025423728813559,Elmira Corning Regional Airport,42.1599006652832,-76.8916015625,US,medium_airport
ELP,"El Paso, TX",7073,11.612187190725294,11.322493991234271,0.14633111833733917,0.02714548282199915,13.559734200480701,El Paso International Airport,31.809908,-106.375607,US,large_airport
ERI,"Erie, PA",287,12.839721254355402,12.724738675958188,0.14634146341463414,0.024390243902439025,16.43205574912892,Erie International Tom Ridge Field,42.083127,-80.173867,US,medium_airport
ESC,"Escanaba, MI",314,20.461783439490446,21.044585987261147,0.1751592356687898,0.01592356687898089,12.968152866242038,Delta County Airport,45.723199,-87.088623,US,medium_airport
EUG,"Eugene, OR",3302,11.149909145972138,11.03694730466384,0.14021804966686857,0.019079345850999394,13.672622652937614,Eugene Airport,44.124599,-123.211998,US,medium_airport
EVV,"Evansville, IN",1252,7.348242811501597,8.728434504792332,0.1269968051118211,0.02875399361022364,16.75479233226837,Evansville Regional Airport,38.0369987488,-87.5324020386,US,medium_airport
EWN,"New Bern/Morehead/Beaufort, NC",672,10.892857142857142,9.879464285714286,0.11458333333333333,0.026785714285714284,15.282738095238095,Coastal Carolina Regional Airport,35.0730018616,-77.04290008539999,US,medium_airport
EWR,"Newark, NJ",52860,18.336473704124103,18.2029701097238,0.23308740068104428,0.03881952326901249,22.130098373060914,Newark Liberty International Airport,40.6894,-74.170545,US,large_airport
EYW,"Key West, FL",3464,17.562644341801384,17.525692840646652,0.22921478060046188,0.032909930715935336,12.635103926096997,Key West International Airport,24.556119,-81.759579,US,medium_airport
FAI,"Fairbanks, AK",2017,7.257312840852752,7.671294000991572,0.1308874566187407,0.015865146256817054,13.537927615270203,Fairbanks International Airport,64.815102,-147.856003,US,medium_airport
FAR,"Fargo, ND",2761,16.400941687794276,17.022455632017387,0.17855849329952916,0.034407823252444764,17.336834480260777,Hector International Airport,46.9207,-96.815804,US,medium_airport
FAT,"Fresno, CA",5203,12.622909859696328,12.659427253507591,0.14587737843551796,0.017682106477032482,13.518739188929464,Fresno Yosemite International Airport,36.775767,-119.718018,US,large_airport
FAY,"Fayetteville, NC",1293,12.65274555297757,11.900232018561486,0.13534416086620263,0.030935808197989172,15.122969837587007,Fayetteville Regional Airport - Grannis Field,34.991199,-78.880302,US,medium_airport
FCA,"Kalispell, MT",1961,13.596634370219276,14.830698623151454,0.14431412544620092,0.013258541560428353,16.31871494135645,Glacier Park International Airport,48.310501,-114.255997,US,medium_airport
FLG,"Flagstaff, AZ",938,11.022388059701493,11.67590618336887,0.12260127931769722,0.039445628997867806,17.97547974413646,Flagstaff Pulliam Airport,35.139757,-111.669826,US,medium_airport
FLL,"Fort Lauderdale, FL",40179,16.988377012867417,16.668309315811744,0.22245451604071778,0.02702904502351975,16.514323402772593,Fort Lauderdale Hollywood International Airport,26.072599,-80.152702,US,large_airport
FLO,"Florence, SC",7,0.7142857142857143,3.2857142857142856,0.14285714285714285,0.0,13.714285714285714,Florence Regional Airport,34.18539810180664,-79.7238998413086,US,medium_airport
FNT,"Flint, MI",1312,14.919969512195122,16.303353658536587,0.1989329268292683,0.03277439024390244,13.915396341463415,Bishop International Airport,42.969294,-83.743355,US,medium_airport
FOD,"Fort Dodge, IA",144,28.26388888888889,27.368055555555557,0.13194444444444445,0.027777777777777776,12.125,Fort Dodge Regional Airport,42.552624,-94.191237,US,medium_airport
FSD,"Sioux Falls, SD",3269,14.853777913735087,15.542979504435607,0.18048332823493424,0.03456714591618232,16.475374732334046,Sioux Falls Regional Airport,43.585463,-96.741152,US,medium_airport
FSM,"Fort Smith, AR",708,12.806497175141242,13.851694915254237,0.13983050847457626,0.03672316384180791,13.690677966101696,Fort Smith Regional Airport,35.336601,-94.367401,US,medium_airport
FWA,"Fort Wayne, IN",2582,17.395817195972114,17.238187451587915,0.18280402788536018,0.030209140201394268,15.098760650658404,Fort Wayne International Airport,40.978896,-85.194465,US,medium_airport
GCC,"Gillette, WY",320,13.95,15.259375,0.1375,0.034375,16.940625,Northeast Wyoming Regional Airport,44.3489,-105.539001,US,medium_airport
GCK,"Garden City, KS",369,8.506775067750677,10.254742547425474,0.13279132791327913,0.02168021680216802,12.802168021680217,Garden City Regional Airport,37.9275016785,-100.723999023,US,medium_airport
GEG,"Spokane, WA",7548,10.17117117117117,10.48357180710122,0.1363275039745628,0.013513513513513514,14.15818759936407,Spokane International Airport,47.6199,-117.533997,US,large_airport
GFK,"Grand Forks, ND",692,9.563583815028903,9.614161849710984,0.11560693641618497,0.02745664739884393,14.773121387283236,Grand Forks International Airport,47.949299,-97.176102,US,medium_airport
GGG,"Longview, TX",393,13.346055979643767,15.597964376590332,0.16793893129770993,0.027989821882951654,14.099236641221374,East Texas Regional Airport,32.38399887084961,-94.71150207519533,US,medium_airport
GJT,"Grand Junction, CO",1815,15.05564738292011,16.001652892561985,0.15867768595041323,0.017630853994490357,16.23581267217631,Grand Junction Regional Airport,39.126663,-108.529387,US,medium_airport
GNV,"Gainesville, FL",1814,12.633958103638369,12.735391400220507,0.15490628445424476,0.023704520396912898,13.01819184123484,Gainesville Regional Airport,29.6900997162,-82.2717971802,US,medium_airport
GPT,"Gulfport/Biloxi, MS",1663,10.380637402285027,11.069152134696331,0.1371016235718581,0.027660853878532773,14.034876728803367,Gulfport Biloxi International Airport,30.405582,-89.069836,US,medium_airport
GRB,"Green Bay, WI",1990,10.940201005025125,12.128140703517587,0.13417085427135678,0.02613065326633166,14.352763819095477,Austin Straubel International Airport,44.483459,-88.130805,US,medium_airport
GRI,"Grand Island, NE",448,18.118303571428573,19.430803571428573,0.22767857142857142,0.03125,12.738839285714286,Central Nebraska Regional Airport,40.96749877929688,-98.30960083007812,US,medium_airport
GRK,"Killeen, TX",1177,12.833474936278675,14.355989804587935,0.17332200509770604,0.03993203058623619,15.939677145284621,Killeen Regional Airport / Robert Gray Army Airfield,31.0672,-97.828903,US,medium_airport
GRR,"Grand Rapids, MI",7636,12.444342587742273,13.161341016238868,0.16147197485594553,0.030906233630172867,14.654924044002096,Gerald R. Ford International Airport,42.880798,-85.522797,US,large_airport
GSO,"Greensboro/High Point, NC",4738,11.57555930772478,11.710848459265513,0.13634444913465596,0.031025749261291685,16.210426340227944,Piedmont Triad International Airport,36.09937,-79.937262,US,large_airport
GSP,"Greer, SC",5948,11.048587760591795,11.245628782784129,0.14340954942837927,0.0265635507733692,15.577841291190316,Greenville-Spartanburg International Airport,34.895699,-82.218903,US,medium_airport
GST,"Gustavus, AK",39,2.2564102564102564,2.4615384615384617,0.07692307692307693,0.05128205128205128,10.128205128205128,Gustavus Airport,58.4253006,-135.7070007,US,medium_airport
GTF,"Great Falls, MT",1100,10.075454545454546,11.139090909090909,0.13272727272727272,0.017272727272727273,13.367272727272727,Great Falls International Airport,47.481998,-111.371002,US,medium_airport
GTR,"Columbus, MS",497,10.895372233400403,10.454728370221329,0.09859154929577464,0.004024144869215292,14.501006036217303,Golden Triangle Regional Airport,33.450298,-88.5914,US,medium_airport
GUC,"Gunnison, CO",304,21.5625,22.911184210526315,0.22697368421052633,0.03289473684210526,19.9375,Gunnison Crested Butte Regional Airport,38.534672,-106.934566,US,medium_airport
HDN,"Hayden, CO",1036,17.14864864864865,19.394787644787645,0.23745173745173745,0.04054054054054054,20.276061776061777,Yampa Valley Airport,40.481201,-107.218002,US,medium_airport
HGR,"Hagerstown, MD",91,30.373626373626372,30.12087912087912,0.3626373626373626,0.02197802197802198,8.923076923076923,Hagerstown Regional Richard A Henson Field,39.708771,-77.728014,US,medium_airport
HHH,"Hilton Head, SC",1174,15.742759795570699,16.600511073253834,0.1899488926746167,0.03151618398637138,16.972742759795572,Hilton Head Airport,32.2244,-80.697502,US,medium_airport
HIB,"Hibbing, MN",316,13.512658227848101,13.348101265822784,0.08227848101265822,0.028481012658227847,12.503164556962025,Range Regional Airport,47.384831,-92.836905,US,medium_airport
HLN,"Helena, MT",665,8.780451127819548,10.009022556390978,0.09022556390977443,0.021052631578947368,16.05263157894737,Helena Regional Airport,46.6068,-111.983002,US,medium_airport
HNL,"Honolulu, HI",23095,8.403117557912967,8.541026196146351,0.14773760554232518,0.012340333405499025,15.52708378436891,Daniel K. Inouye International Airport,21.318387,-157.92567,US,large_airport
HOB,"Hobbs, NM",180,27.622222222222224,29.727777777777778,0.19444444444444445,0.022222222222222223,13.78888888888889,Lea County Regional Airport,32.6875,-103.217003,US,medium_airport
HOU,"Houston, TX",24393,12.846718320829746,10.988234329520765,0.19169433853974502,0.037059812241216745,10.466609273152134,William P. Hobby Airport,29.645336,-95.276812,US,large_airport
HPN,"White Plains, NY",4414,17.82079746261894,17.926144086995922,0.20978704123244224,0.034435885817852285,15.420480289986408,Westchester County Airport,41.06700134277344,-73.70760345458984,US,medium_airport
HRL,"Harlingen/San Benito, TX",1629,9.934929404542665,10.050337630448128,0.13505217925107427,0.02394106813996317,11.341313689379987,Valley International Airport,26.228500366210938,-97.65440368652344,US,medium_airport
HSV,"Huntsville, AL",3556,12.5748031496063,12.708098987626547,0.14257592800899888,0.028965129358830145,14.789370078740157,Huntsville International Airport,34.636244,-86.774378,US,medium_airport
HTS,"Ashland, WV",234,24.854700854700855,26.286324786324787,0.3076923076923077,0.05982905982905983,7.756410256410256,Tri-State Airport / Milton J. Ferguson Field,38.366699,-82.557999,US,medium_airport
HVN,"New Haven, CT",165,10.727272727272727,12.06060606060606,0.12121212121212122,0.05454545454545454,12.357575757575757,Tweed New Haven Airport,41.262869,-72.887694,US,medium_airport
HYA,"Hyannis, MA",50,26.44,24.94,0.3,0.06,10.96,Cape Cod Gateway Airport,41.6693,-70.280403,US,medium_airport
HYS,"Hays, KS",410,18.153658536585365,19.148780487804878,0.15365853658536585,0.03414634146341464,13.75609756097561,Hays Regional Airport,38.844521,-99.273148,US,medium_airport
IAD,"Washington, DC",25758,13.501941144498797,13.807943163289075,0.17082071589409115,0.022789036415870798,18.262170976007454,Washington Dulles International Airport,38.9445,-77.455803,US,large_airport
IAG,"Niagara Falls, NY",243,23.580246913580247,24.65843621399177,0.2716049382716049,0.053497942386831275,12.444444444444445,Niagara Falls International Airport,43.1073,-78.946198,US,medium_airport
IAH,"Houston, TX",62391,14.002195829526695,14.07089163501146,0.18342389126636854,0.023833565738648203,18.094516837364363,George Bush Intercontinental Airport,29.9844,-95.3414,US,large_airport
ICT,"Wichita, KS",4188,13.274355300859598,13.582855778414517,0.15401146131805157,0.02865329512893983,13.191021967526266,Wichita Dwight D. Eisenhower National Airport,37.650314,-97.428583,US,medium_airport
IDA,"Idaho Falls, ID",1531,18.26583932070542,19.215545395166558,0.15937295885042455,0.015022860875244938,16.305029392553887,Idaho Falls Regional Airport,43.514599,-112.070999,US,medium_airport
ILG,"Wilmington, DE",17,17.352941176470587,18.470588235294116,0.29411764705882354,0.058823529411764705,10.647058823529411,Wilmington Airport,39.678699,-75.606499,US,medium_airport
ILM,"Wilmington, NC",3036,11.232213438735178,11.553689064558629,0.14558629776021081,0.036231884057971016,15.417654808959156,Wilmington International Airport,34.272345,-77.905117,US,medium_airport
IMT,"Iron Mountain/Kingsfd, MI",352,10.340909090909092,9.911931818181818,0.09090909090909091,0.019886363636363636,10.448863636363637,Ford Airport,45.81911,-88.114557,US,medium_airport
IND,"Indianapolis, IN",18988,11.024752475247524,11.495523488519064,0.15509795660417106,0.02928165156941226,13.980356014324837,Indianapolis International Airport,39.7173,-86.294403,US,large_airport
INL,"International Falls, MN",299,7.010033444816053,6.357859531772576,0.06688963210702341,0.026755852842809364,10.351170568561873,Falls International Airport,48.566200256347656,-93.4030990600586,US,medium_airport
IPT,"Williamsport, PA",6,21.5,14.0,0.16666666666666666,0.0,9.0,Williamsport Regional Airport,41.242126,-76.92245,US,medium_airport
ISP,"Islip, NY",2186,12.827996340347667,12.839432753888381,0.1838975297346752,0.043000914913083256,11.156450137236963,Long Island MacArthur Airport,40.796324,-73.101703,US,medium_airport
ITH,"Ithaca/Cortland, NY",339,16.174041297935105,15.253687315634219,0.13274336283185842,0.02654867256637168,16.545722713864308,Ithaca Tompkins Regional Airport,42.49100112915039,-76.4583969116211,US,medium_airport
ITO,"Hilo, HI",2786,5.6529073941134245,6.399138549892319,0.11162957645369706,0.01615218951902369,9.255563531945441,Hilo International Airport,19.72135,-155.045428,US,medium_airport
JAC,"Jackson, WY",2415,18.702277432712215,19.884472049689442,0.21407867494824018,0.01780538302277433,19.394616977225674,Jackson Hole Airport,43.6073,-110.737999,US,medium_airport
JAN,"Jackson/Vicksburg, MS",3352,12.469570405727923,12.189140811455847,0.13454653937947494,0.028042959427207637,13.30936754176611,Jackson-Medgar Wiley Evers International Airport,32.311199,-90.075897,US,medium_airport
JAX,"Jacksonville, FL",12581,12.796836499483348,12.820046101263811,0.16334154677688578,0.02694539384786583,13.18106668786265,Jacksonville International Airport,30.492469,-81.687813,US,large_airport
JFK,"New York, NY",50331,16.000576185650992,15.85970872821919,0.20472472233812164,0.028153623015636488,23.814567562734695,John F. Kennedy International Airport,40.639447,-73.779317,US,large_airport
JLN,"Joplin, MO",410,14.053658536585365,14.046341463414635,0.15609756097560976,0.026829268292682926,15.521951219512195,Joplin Regional Airport,37.151798,-94.498299,US,medium_airport
JMS,"Jamestown, ND",424,14.54245283018868,14.745283018867925,0.14858490566037735,0.054245283018867926,13.804245283018869,Jamestown Regional Airport,46.92969894,-98.67819977,US,medium_airport
JNU,"Juneau, AK",2053,7.005358012664393,8.323429128105213,0.14953726254262056,0.02289332683877253,14.106673161227471,Juneau International Airport,58.354935,-134.574416,US,medium_airport
JST,"Johnstown, PA",189,24.8994708994709,24.634920634920636,0.15873015873015872,0.042328042328042326,14.931216931216932,John Murtha Johnstown Cambria County Airport,40.31610107421875,-78.83390045166016,US,medium_airport
KOA,"Kona, HI",6750,8.207555555555556,8.504148148148149,0.1428148148148148,0.014222222222222223,11.409185185185185,Ellison Onizuka Kona International Airport at Keāhole,19.738783,-156.045603,US,large_airport
KTN,"Ketchikan, AK",1063,8.770460959548448,10.057384760112887,0.1636876763875823,0.02539981185324553,12.64722483537159,Ketchikan International Airport,55.35559845,-131.7140045,US,medium_airport
LAN,"Lansing, MI",1044,11.765325670498084,12.309386973180077,0.1503831417624521,0.031609195402298854,14.791187739463602,Capital Region International Airport,42.777582,-84.585721,US,medium_airport
LAR,"Laramie, WY",292,19.904109589041095,22.04794520547945,0.1815068493150685,0.06506849315068493,16.482876712328768,Laramie Regional Airport,41.31209945678711,-105.6750030517578,US,medium_airport
LAS,"Las Vegas, NV",73324,14.382685069008783,13.772257378211773,0.2121269979815613,0.02580328405433419,15.739498663466259,Harry Reid International Airport,36.083361,-115.151817,US,large_airport
LAW,"Lawton/Fort Sill, OK",534,13.715355805243446,15.02808988764045,0.1760299625468165,0.04119850187265917,13.985018726591761,Lawton Fort Sill Regional Airport,34.567699,-98.416603,US,medium_airport
LAX,"Los Angeles, CA",85643,11.801174643578577,11.15027497869061,0.1615777121305886,0.0178531812290555,16.092149971392875,Los Angeles International Airport,33.942501,-118.407997,US,large_airport
LBB,"Lubbock, TX",2734,11.467081199707389,11.738478419897586,0.1623994147768837,0.035479151426481344,13.517556693489393,Lubbock Preston Smith International Airport,33.663601,-101.822998,US,medium_airport
LBE,"Latrobe, PA",430,8.704651162790698,10.11860465116279,0.14883720930232558,0.027906976744186046,11.397674418604652,Arnold Palmer Regional Airport,40.275902,-79.4048,US,medium_airport
LBF,"North Platte, NE",293,14.965870307167236,17.283276450511945,0.15699658703071673,0.030716723549488054,16.580204778156997,North Platte Regional Airport Lee Bird Field,41.12620163,-100.6839981,US,medium_airport
LBL,"Liberal, KS",291,12.02405498281787,13.374570446735396,0.15463917525773196,0.030927835051546393,12.828178694158076,Liberal Mid-America Regional Airport,37.0442009,-100.9599991,US,medium_airport
LCH,"Lake Charles, LA",591,16.465313028764804,17.942470389170897,0.16074450084602368,0.050761421319796954,13.456852791878173,Lake Charles Regional Airport,30.126100540161133,-93.22329711914062,US,medium_airport
LCK,"Columbus, OH",478,22.682008368200837,24.144351464435147,0.29497907949790797,0.04184100418410042,11.384937238493723,Rickenbacker International Airport,39.813801,-82.927803,US,medium_airport
LEX,"Lexington, KY",3434,10.581537565521257,11.790331974373908,0.15171811298776935,0.026790914385556204,15.685497961560863,Blue Grass Airport,38.035066,-84.606738,US,medium_airport
LFT,"Lafayette, LA",1695,13.54985250737463,14.417109144542772,0.1687315634218289,0.022418879056047197,16.509734513274335,Lafayette Regional Airport,30.205299,-91.987602,US,medium_airport
LGA,"New York, NY",62442,15.092694020050606,15.331956055219244,0.1950450017616348,0.0403574517151917,22.75162550847186,LaGuardia Airport,40.777199,-73.872597,US,large_airport
LGB,"Long Beach, CA",6477,10.912150687046472,10.153157325922495,0.15454685811332408,0.01667438628994905,11.843446039833257,Long Beach International Airport,33.816523,-118.149891,US,large_airport
LIH,"Lihue, HI",5960,8.00486577181208,8.729865771812081,0.14161073825503356,0.015939597315436243,9.913087248322148,Lihue Airport,21.974393,-159.337146,US,large_airport
LIT,"Little Rock, AR",5276,13.43081880212282,13.901440485216073,0.16736163760424563,0.024260803639120546,14.084912812736922,Bill & Hillary Clinton National Airport/Adams Field,34.729222,-92.223591,US,medium_airport
LNK,"Lincoln, NE",525,16.34095238095238,17.312380952380952,0.1657142857142857,0.0380952380952381,16.434285714285714,Lincoln Airport,40.844882,-96.76178,US,medium_airport
LRD,"Laredo, TX",827,14.252720677146312,15.731559854897219,0.16203143893591293,0.02902055622732769,14.544135429262393,Laredo International Airport,27.5438,-99.461601,US,medium_airport
LSE,"La Crosse, WI",755,10.655629139072847,11.018543046357616,0.12582781456953643,0.022516556291390728,12.686092715231789,La Crosse Regional Airport,43.879002,-91.256699,US,medium_airport
LWB,"Lewisburg, WV",231,23.64069264069264,25.48917748917749,0.16883116883116883,0.03896103896103896,12.541125541125542,Greenbrier Valley Airport,37.857914,-80.400438,US,medium_airport
LWS,"Lewiston, ID",466,7.3004291845493565,8.298283261802576,0.07081545064377683,0.004291845493562232,12.86480686695279,Lewiston Nez Perce County Airport,46.3745002746582,-117.01499938964844,US,medium_airport
LYH,"Lynchburg, VA",205,6.868292682926829,6.136585365853659,0.08780487804878048,0.03414634146341464,17.536585365853657,Lynchburg Regional Airport - Preston Glenn Field,37.326698,-79.200401,US,medium_airport
MAF,"Midland/Odessa, TX",3791,12.810604062252704,12.911105249274598,0.14323397520443154,0.03719335267739383,12.734898443682406,Midland International Air and Space Port,31.942499,-102.202003,US,medium_airport
MBS,"Saginaw/Bay City/Midland, MI",732,10.85655737704918,11.404371584699453,0.11065573770491803,0.025956284153005466,15.591530054644808,MBS International Airport,43.533181,-84.083104,US,medium_airport
MCI,"Kansas City, MO",20682,10.931051155594236,10.913451310318152,0.1537085388260323,0.03128324146600909,12.56217967314573,Kansas City International Airport,39.301699,-94.713893,US,large_airport
MCO,"Orlando, FL",63768,16.880347509722746,16.938856479739055,0.22948814452389912,0.027302095094718353,16.24110839292435,Orlando International Airport,28.429399490356445,-81.30899810791016,US,large_airport
MCW,"Mason City, IA",137,5.510948905109489,5.854014598540146,0.0948905109489051,0.058394160583941604,14.087591240875913,Mason City Municipal Airport,43.159801,-93.329716,US,medium_airport
MDT,"Harrisburg, PA",2449,12.500612494895876,13.370763576970193,0.16047366271947733,0.025724785626786442,14.804409963250306,Harrisburg International Airport,40.192838,-76.762333,US,medium_airport
MDW,"Chicago, IL",34986,14.754158806379694,12.595381009546676,0.21645801177613902,0.040301835019722176,11.447093122963471,Chicago Midway International Airport,41.785999,-87.752403,US,large_airport
MEI,"Meridian, MS",344,14.92732558139535,15.084302325581396,0.16569767441860464,0.0377906976744186,12.886627906976743,Key Field / Meridian Regional Airport,32.3326,-88.7519,US,medium_airport
MEM,"Memphis, TN",9920,13.979334677419354,14.4,0.1715725806451613,0.029737903225806453,14.366330645161291,Memphis International Airport,35.043845,-89.97634,US,large_airport
MFE,"Mission/McAllen/Edinburg, TX",1839,13.068515497553017,14.20010875475802,0.16639477977161501,0.040783034257748776,12.80152256661229,McAllen Miller International Airport,26.176141,-98.237965,US,medium_airport
MFR,"Medford, OR",2706,14.378418329637842,14.454175905395418,0.1367331855136733,0.01958610495195861,13.32039911308204,Rogue Valley International-Medford Airport,42.374199,-122.873001,US,medium_airport
MGM,"Montgomery, AL",1344,14.5625,14.193452380952381,0.16964285714285715,0.01711309523809524,15.433779761904763,Montgomery Regional (Dannelly Field) Airport,32.300598,-86.393997,US,medium_airport
MHK,"Manhattan/Ft. Riley, KS",673,13.424962852897474,14.098068350668647,0.1515601783060921,0.04606240713224369,13.175334323922733,Manhattan Regional Airport,39.14099884033203,-96.6707992553711,US,medium_airport
MHT,"Manchester, NH",3022,9.944407677035077,10.50992720052945,0.1472534745201853,0.036068828590337526,13.019523494374587,Manchester-Boston Regional Airport,42.932598,-71.435699,US,medium_airport
MIA,"Miami, FL",41860,15.850143334925944,16.25745341614907,0.2180602006688963,0.022694696607740088,18.721165790731007,Miami International Airport,25.796011,-80.289751,US,large_airport
MKE,"Milwaukee, WI",11807,11.129245362920301,11.533581773524181,0.1536376725671212,0.028203608029135258,13.343270940967223,General Mitchell International Airport,42.947201,-87.896599,US,large_airport
MKG,"Muskegon, MI",286,18.73076923076923,18.297202797202797,0.14685314685314685,0.03496503496503497,13.251748251748252,Muskegon County Airport,43.169498,-86.238197,US,medium_airport
MLB,"Melbourne, FL",1146,9.36561954624782,9.56282722513089,0.12041884816753927,0.02530541012216405,14.43891797556719,Melbourne Orlando International Airport,28.102009,-80.641088,US,medium_airport
MLI,"Moline, IL",1853,11.172692930383162,12.101996762007555,0.1484079870480302,0.03507825148407987,14.799244468429574,Quad City International Airport,41.448502,-90.5075,US,medium_airport
MLU,"Monroe, LA",1114,11.18132854578097,11.989228007181328,0.13285457809694792,0.026032315978456014,14.110412926391382,Monroe Regional Airport,32.510899,-92.037697,US,medium_airport
MMH,"Mammoth Lakes, CA",81,16.098765432098766,16.71604938271605,0.2222222222222222,0.1728395061728395,16.864197530864196,Mammoth Yosemite Airport,37.625381,-118.84306,US,small_airport
MOB,"Mobile, AL",1768,13.933257918552036,14.197398190045249,0.15667420814479638,0.02828054298642534,13.821266968325792,Mobile Regional Airport,30.6912,-88.242798,US,medium_airport
MOT,"Minot, ND",1133,15.371579876434245,15.812003530450133,0.14651368049426303,0.03265666372462489,16.391879964695498,Minot International Airport,48.25801,-101.279123,US,medium_airport
MQT,"Marquette, MI",558,22.198924731182796,22.03405017921147,0.15232974910394265,0.034050179211469536,13.989247311827956,Marquette/Sawyer International Airport,46.351498,-87.395884,US,medium_airport
MRY,"Monterey, CA",1783,14.69826135726304,15.128435221536735,0.14077397644419518,0.021873247335950644,14.284352215367358,Monterey Regional Airport,36.586777,-121.844183,US,medium_airport
MSN,"Madison, WI",5086,14.66083366103028,15.265041289815178,0.1415650806134487,0.02654345261502163,14.130357845064884,Dane County Regional Truax Field,43.1399,-89.337502,US,medium_airport
MSO,"Missoula, MT",2009,14.130910900945745,14.974116475858636,0.16226978596316574,0.017421602787456445,15.815828770532603,Missoula Montana Airport,46.915816,-114.091107,US,medium_airport
MSP,"Minneapolis, MN",59917,10.475307508720396,10.826076071899461,0.14807149890682111,0.017207136538878783,17.15054158252249,Minneapolis–Saint Paul International Airport / Wold–Chamberlain Field,44.880081,-93.221741,US,large_airport
MSY,"New Orleans, LA",21512,13.107567869096318,12.508042023056898,0.18222387504648568,0.033981033841576795,11.982567869096318,Louis Armstrong New Orleans International Airport,29.993401,-90.264673,US,large_airport
MTJ,"Montrose/Delta, CO",1166,13.692967409948542,14.788164665523157,0.18610634648370497,0.03516295025728988,17.89622641509434,Montrose Regional Airport,38.5098,-107.893997,US,medium_airport
MVY,"Martha's Vineyard, MA",352,25.039772727272727,26.0625,0.2755681818181818,0.05113636363636364,13.877840909090908,Martha's Vineyard Airport,41.3931007385,-70.6143035889,US,small_airport
MYR,"Myrtle Beach, SC",6379,13.176203166640539,13.148299106443016,0.1685217118670638,0.028531117730051733,12.96143596174949,Myrtle Beach International Airport,33.679699,-78.928299,US,large_airport
OAJ,"Jacksonville/Camp Lejeune, NC",1144,9.028846153846153,8.483391608391608,0.10576923076923077,0.028846153846153848,16.317307692307693,Albert J Ellis Airport,34.829201,-77.612099,US,medium_airport
OAK,"Oakland, CA",20138,10.708610586950044,9.300327738603634,0.16416724600258217,0.02537491309961267,11.642814579402126,San Francisco Bay Oakland International Airport,37.720085,-122.221184,US,large_airport
OGD,"Ogden, UT",17,17.764705882352942,16.705882352941178,0.17647058823529413,0.17647058823529413,6.0588235294117645,Ogden Hinckley Airport,41.195899963379,-112.0120010376,US,medium_airport
OGG,"Kahului, HI",12256,10.208142950391645,10.434154699738903,0.17558746736292427,0.013218015665796345,10.857375979112271,Kahului International Airport,20.896263,-156.431837,US,large_airport
OGS,"Ogdensburg, NY",221,30.4841628959276,29.963800904977376,0.13574660633484162,0.04072398190045249,16.990950226244344,Ogdensburg International Airport,44.6819,-75.4655,US,medium_airport
OKC,"Oklahoma City, OK",9491,13.026024654936256,13.556211147402802,0.15435675903487514,0.023495943525445158,13.736908650300284,OKC Will Rogers World Airport,35.393388,-97.598248,US,large_airport
OMA,"Omaha, NE",10286,11.282908808088663,11.601399961112191,0.14991250243048804,0.027318685592066887,13.711258020610538,Eppley Airfield,41.3032,-95.894096,US,large_airport
OME,"Nome, AK",294,4.591836734693878,5.105442176870748,0.11904761904761904,0.04081632653061224,9.860544217687075,Nome Airport,64.51219940185547,-165.44500732421875,US,medium_airport
ONT,"Ontario, CA",10087,11.570338058887677,11.089521165857043,0.14612868047982552,0.02607316347774363,12.001586200059483,Ontario International Airport,34.056,-117.600998,US,large_airport
ORD,"Chicago, IL",121995,14.195835894913726,14.841747612607074,0.201713184966597,0.031042255830156972,20.919406533054634,Chicago O'Hare International Airport,41.9786,-87.9048,US,large_airport
ORF,"Norfolk, VA",9493,13.808701148214475,14.168229221531655,0.17191614874117772,0.0316022332244812,14.778679026651217,Norfolk International Airport,36.895341,-76.201,US,large_airport
ORH,"Worcester, MA",534,20.0561797752809,21.805243445692884,0.2340823970037453,0.05805243445692884,14.940074906367041,Worcester Regional Airport,42.2673,-71.875702,US,medium_airport
OTH,"North Bend/Coos Bay, OR",151,16.635761589403973,16.629139072847682,0.17218543046357615,0.052980132450331126,10.966887417218542,Southwest Oregon Regional Airport,43.41709899902344,-124.24600219726562,US,medium_airport
OTZ,"Kotzebue, AK",306,3.996732026143791,4.294117647058823,0.06535947712418301,0.049019607843137254,8.0359477124183,Ralph Wien Memorial Airport,66.88469696,-162.598999,US,medium_airport
OWB,"Owensboro, KY",46,11.847826086956522,12.782608695652174,0.2391304347826087,0.08695652173913043,5.673913043478261,Owensboro Daviess County Airport,37.74010086,-87.16680145,US,medium_airport
PAE,"Everett, WA",906,9.224061810154526,10.556291390728477,0.1490066225165563,0.024282560706401765,13.682119205298013,Seattle Paine Field International Airport,47.9063,-122.281998,US,medium_airport
PAH,"Paducah, KY",368,16.054347826086957,15.796195652173912,0.15489130434782608,0.04891304347826087,10.866847826086957,Barkley Regional Airport,37.06079864501953,-88.7738037109375,US,medium_airport
PBG,"Plattsburgh, NY",455,20.72967032967033,22.06153846153846,0.2021978021978022,0.05714285714285714,13.83956043956044,Plattsburgh International Airport,44.650902,-73.468102,US,medium_airport
PBI,"West Palm Beach/Palm Beach, FL",10954,16.638305641774693,16.78802264013146,0.20440021909804637,0.0320430892824539,14.463118495526748,Palm Beach International Airport,26.683201,-80.095596,US,large_airport
PDX,"Portland, OR",25780,8.9933281613654,9.330837858805275,0.1387121799844841,0.01970519782777347,13.09166020170675,Portland International Airport,45.588699,-122.598,US,large_airport
PGD,"Punta Gorda, FL",2835,15.98694885361552,17.108641975308643,0.2275132275132275,0.04056437389770723,11.473721340388007,Punta Gorda Airport,26.9202,-81.990501,US,medium_airport
PGV,"Greenville, NC",29,31.275862068965516,30.103448275862068,0.27586206896551724,0.034482758620689655,20.96551724137931,Pitt-Greenville Airport,35.635535,-77.384262,US,medium_airport
PHF,"Newport News/Williamsburg, VA",506,12.5,12.140316205533598,0.12845849802371542,0.025691699604743084,14.654150197628459,Newport News Williamsburg International Airport,37.131901,-76.492996,US,medium_airport
PHL,"Philadelphia, PA",42696,12.878536631066142,13.56906970207982,0.1784944725501218,0.026231965523702456,19.672053588158143,Philadelphia International Airport,39.871899,-75.241096,US,large_airport
PHX,"Phoenix, AZ",74669,12.209176498948693,11.387791452945667,0.1735793970724129,0.021427901806639973,14.510265304209243,Phoenix Sky Harbor International Airport,33.435302,-112.005905,US,large_airport
PIA,"Peoria, IL",1698,17.670789163722027,18.497055359246172,0.1772673733804476,0.02591283863368669,14.532979976442874,General Wayne A. Downing Peoria International Airport,40.663841,-89.692631,US,medium_airport
PIB,"Hattiesburg/Laurel, MS",316,32.01898734177215,31.699367088607595,0.1962025316455696,0.04113924050632911,13.319620253164556,Hattiesburg Laurel Regional Airport,31.4671,-89.337097,US,medium_airport
PIE,"St. Petersburg, FL",3598,12.866592551417455,14.302390216787105,0.20316842690383546,0.0433574207893274,12.572540300166759,St. Petersburg Clearwater International Airport,27.9102,-82.687401,US,large_airport
PIH,"Pocatello, ID",359,12.782729805013927,12.883008356545961,0.08635097493036212,0.0,12.013927576601672,Pocatello Regional Airport,42.9098014831543,-112.59600067138672,US,medium_airport
PIR,"Pierre, SD",180,10.766666666666667,11.894444444444444,0.1111111111111111,0.03333333333333333,12.28888888888889,Pierre Regional Airport,44.38270187,-100.2860031,US,medium_airport
PIT,"Pittsburgh, PA",18487,10.56850759993509,11.08595229079894,0.15097095256125925,0.02926380699951317,13.77833071888354,Pittsburgh International Airport,40.491501,-80.232903,US,large_airport
PLN,"Pellston, MI",388,21.75257731958763,20.84278350515464,0.13144329896907217,0.020618556701030927,11.443298969072165,Pellston Regional Airport of Emmet County Airport,45.57089996,-84.79669952,US,medium_airport
PNS,"Pensacola, FL",5328,13.95382882882883,13.722972972972974,0.15371621621621623,0.02515015015015015,12.7134009009009,Pensacola International Airport,30.472718,-87.186639,US,large_airport
PRC,"Prescott, AZ",368,19.328804347826086,19.366847826086957,0.19293478260869565,0.016304347826086956,17.25,Prescott Regional Airport - Ernest A. Love Field,34.653502,-112.419883,US,medium_airport
PSC,"Pasco/Kennewick/Richland, WA",2166,10.788550323176361,11.82409972299169,0.13573407202216067,0.02077562326869806,14.27100646352724,Tri Cities Airport,46.264702,-119.119003,US,medium_airport
PSG,"Petersburg, AK",323,10.1671826625387,11.24767801857585,0.17956656346749225,0.021671826625386997,10.532507739938081,Petersburg James A Johnson Airport,56.80170059,-132.9450073,US,medium_airport
PSM,"Portsmouth, NH",166,35.83734939759036,38.16265060240964,0.3373493975903614,0.012048192771084338,13.686746987951807,Portsmouth International Airport at Pease,43.0779,-70.823303,US,medium_airport
PSP,"Palm Springs, CA",6038,11.48111957601855,11.418847300430606,0.14590924147068565,0.02119907254057635,13.883736336535277,Palm Springs International Airport,33.8297,-116.507004,US,large_airport
PUB,"Pueblo, CO",260,11.042307692307693,11.915384615384616,0.16923076923076924,0.038461538461538464,14.811538461538461,Pueblo Memorial Airport,38.289101,-104.497002,US,medium_airport
PUW,"Pullman, WA",243,5.8312757201646095,5.94238683127572,0.102880658436214,0.024691358024691357,7.91358024691358,Pullman-Moscow Regional Airport,46.741601,-117.11163,US,medium_airport
PVD,"Providence, RI",6502,13.2257766840972,13.607966779452477,0.17040910489080283,0.03199015687480775,13.19840049215626,Rhode Island T. F. Green International Airport,41.725038,-71.425668,US,large_airport
PVU,"Provo, UT",540,19.33888888888889,22.45,0.2814814814814815,0.040740740740740744,14.72037037037037,Provo Municipal Airport,40.218894,-111.722445,US,medium_airport
PWM,"Portland, ME",4710,13.798301486199575,13.94416135881104,0.1692144373673036,0.0375796178343949,14.148619957537155,Portland International Jetport,43.646198,-70.309303,US,large_airport
RAP,"Rapid City, SD",2276,13.527240773286467,14.082601054481547,0.17486818980667837,0.02680140597539543,15.795254833040422,Rapid City Regional Airport,44.0452995300293,-103.05699920654295,US,medium_airport
RDD,"Redding, CA",627,14.677830940988835,14.896331738437002,0.14035087719298245,0.011164274322169059,13.046251993620414,Redding Municipal Airport,40.50899887,-122.2929993,US,medium_airport
RDM,"Bend/Redmond, OR",2869,11.812478215406065,12.326246078773092,0.146392471244336,0.017776228651097944,15.034158243290346,Roberts Field,44.254101,-121.150002,US,medium_airport
RDU,"Raleigh/Durham, NC",24007,13.276919231890698,13.45436747615279,0.16820094139209396,0.02749198150539426,16.437414087557794,Raleigh-Durham International Airport,35.878659,-78.7873,US,large_airport
RFD,"Rockford, IL",367,21.414168937329702,22.923705722070846,0.29155313351498635,0.027247956403269755,11.49591280653951,Chicago Rockford International Airport,42.1954,-89.097198,US,medium_airport
RHI,"Rhinelander, WI",360,13.733333333333333,12.044444444444444,0.11388888888888889,0.025,11.919444444444444,Rhinelander Oneida County Airport,45.63119888305664,-89.46749877929688,US,medium_airport
RIC,"Richmond, VA",8466,13.572289156626505,13.95913064020789,0.16513111268603828,0.02681313489251122,15.903378218757382,Richmond International Airport,37.505199,-77.319702,US,large_airport
RIW,"Riverton/Lander, WY",186,24.155913978494624,26.204301075268816,0.16666666666666666,0.03763440860215054,15.456989247311828,Central Wyoming Regional Airport,43.064201,-108.459999,US,medium_airport
RKS,"Rock Springs, WY",260,9.015384615384615,10.315384615384616,0.09230769230769231,0.03076923076923077,16.51923076923077,Southwest Wyoming Regional Airport,41.5942,-109.065001,US,medium_airport
RNO,"Reno, NV",8902,11.735115704336105,12.026173893507076,0.15693102673556505,0.025162884745001123,14.204560772860031,Reno Tahoe International Airport,39.4991,-119.767998,US,large_airport
ROA,"Roanoke, VA",1036,16.074324324324323,16.367760617760617,0.15347490347490347,0.019305019305019305,17.466216216216218,Roanoke–Blacksburg Regional Airport,37.3255,-79.975403,US,medium_airport
ROC,"Rochester, NY",5308,13.647136397889977,14.128673700075359,0.1650339110776187,0.038055764883195176,14.153541823662396,Frederick Douglass Greater Rochester International Airport,43.1189,-77.672401,US,large_airport
ROW,"Roswell, NM",542,21.284132841328415,21.826568265682656,0.16974169741697417,0.02214022140221402,14.72509225092251,Roswell Air Center Airport,33.301601,-104.530998,US,medium_airport
RST,"Rochester, MN",1142,9.516637478108581,10.238178633975481,0.13222416812609458,0.040280210157618214,15.154991243432574,Rochester International Airport,43.908298,-92.5,US,medium_airport
RSW,"Fort Myers, FL",16848,13.998100664767332,14.308048433048434,0.17444207027540362,0.031635802469135804,13.465040360873694,Southwest Florida International Airport,26.534685,-81.752816,US,large_airport
SAF,"Santa Fe, NM",767,14.372881355932204,14.64928292046936,0.16166883963494133,0.03780964797913951,16.33767926988266,Santa Fe Municipal Airport,35.6171,-106.088997,US,medium_airport
SAN,"San Diego, CA",36382,10.991341872354461,10.829641031279204,0.15815513165851244,0.024270243527018856,16.479495354845803,San Diego International Airport,32.733601,-117.190002,US,large_airport
SAT,"San Antonio, TX",15562,11.032193805423468,10.79340701709292,0.147089063102429,0.027181596195861715,11.955789744248811,San Antonio International Airport,29.533701,-98.469803,US,large_airport
SAV,"Savannah, GA",7797,13.743491086315249,13.641785302039246,0.1705784276003591,0.027318199307425933,14.490060279594715,Savannah Hilton Head International Airport,32.126591,-81.19998,US,large_airport
SBA,"Santa Barbara, CA",3149,14.255954271197206,14.111463956811686,0.1584630041282947,0.02667513496348047,13.412511908542394,Santa Barbara Municipal Airport,34.426201,-119.839996,US,medium_airport
SBN,"South Bend, IN",2694,14.371566443949517,14.800668151447661,0.16443949517446177,0.0200445434298441,15.902746844840387,South Bend International Airport,41.708304,-86.316922,US,medium_airport
SBP,"San Luis Obispo, CA",2099,16.749880895664603,16.95378751786565,0.17484516436398284,0.024773701762744165,15.166269652215341,San Luis County Regional Airport,35.2368011475,-120.641998291,US,medium_airport
SCC,"Deadhorse, AK",283,5.34982332155477,5.848056537102473,0.07773851590106007,0.024734982332155476,9.056537102473499,Deadhorse Airport,70.19470215,-148.4649963,US,medium_airport
SCE,"State College, PA",513,15.128654970760234,15.366471734892787,0.1539961013645224,0.03313840155945419,13.317738791423002,State College Regional Airport,40.849374,-77.84852,US,medium_airport
SCK,"Stockton, CA",320,22.853125,24.103125,0.321875,0.0375,10.365625,Stockton Metropolitan Airport,37.893279,-121.238079,US,medium_airport
SDF,"Louisville, KY",9757,13.156912985548837,13.487239930306446,0.15834785282361383,0.029004817054422465,14.615045608281234,Louisville Muhammad Ali International Airport,38.1706,-85.735076,US,large_airport
SEA,"Seattle, WA",70760,10.00572357263991,10.207221594120972,0.16608253250423968,0.016181458451102318,18.721664782362918,Seattle–Tacoma International Airport,47.447943,-122.310276,US,large_airport
SFB,"Sanford, FL",4563,15.744904667981592,16.611439842209073,0.217839140916064,0.05193951347797501,12.813719044488275,Orlando Sanford International Airport,28.774277,-81.234626,US,large_airport
SFO,"San Francisco, CA",59391,12.55089154922463,11.941034836928154,0.16712969978616288,0.023538920038389654,18.49601791517233,San Francisco International Airport,37.619806,-122.374821,US,large_airport
SGF,"Springfield, MO",3370,14.046587537091987,14.806824925816024,0.19020771513353116,0.025222551928783383,15.245994065281899,Springfield Branson National Airport,37.245047,-93.388596,US,medium_airport
SGU,"St. George, UT",1378,11.436139332365748,12.209724238026125,0.13933236574746008,0.005805515239477504,16.644412191582003,St George Regional Airport,37.036389,-113.510306,US,medium_airport
SHD,"Staunton, VA",249,21.056224899598394,21.349397590361445,0.14457831325301204,0.04417670682730924,13.132530120481928,Shenandoah Valley Regional Airport,38.263802,-78.8964,US,medium_airport
SHR,"Sheridan, WY",219,5.808219178082192,8.917808219178083,0.1415525114155251,0.0136986301369863,18.50228310502283,Sheridan County Airport,44.76919937133789,-106.9800033569336,US,medium_airport
SHV,"Shreveport, LA",2324,11.270223752151463,12.056798623063683,0.17943201376936316,0.029690189328743545,14.152323580034423,Shreveport Regional Airport,32.446602,-93.8256,US,medium_airport
SIT,"Sitka, AK",564,10.595744680851064,11.77836879432624,0.14893617021276595,0.01950354609929078,12.193262411347519,Sitka Rocky Gutierrez Airport,57.04710006713867,-135.36199951171875,US,medium_airport
SJC,"San Jose, CA",22917,8.902343238643802,8.336649648732383,0.1368852816686303,0.02661779465025963,12.251429070122617,Norman Y. Mineta San Jose International Airport,37.362452,-121.929188,US,large_airport
SJT,"San Angelo, TX",792,8.491161616161616,9.544191919191919,0.12878787878787878,0.027777777777777776,12.14520202020202,San Angelo Regional Mathis Field,31.35770034790039,-100.49600219726562,US,medium_airport
SLC,"Salt Lake City, UT",51881,10.2302577051329,10.236271467396541,0.14296177791484357,0.012181723559684663,17.313968504847633,Salt Lake City International Airport,40.78886,-111.979866,US,large_airport
SLN,"Salina, KS",362,15.17403314917127,14.682320441988951,0.1574585635359116,0.03867403314917127,15.0939226519337,Salina Municipal Airport,38.79100036621094,-97.6521987915039,US,medium_airport
SMF,"Sacramento, CA",22065,10.101155676410604,9.518286879673692,0.1454339451620213,0.023521414004078856,12.042873328801269,Sacramento International Airport,38.6954,-121.591003,US,large_airport
SMX,"Santa Maria, CA",92,39.108695652173914,40.83695652173913,0.25,0.06521739130434782,8.48913043478261,Santa Maria Public Airport Captain G Allan Hancock Field,34.898899,-120.457001,US,medium_airport
SNA,"Santa Ana, CA",17905,11.221223122032951,10.70851717397375,0.1594526668528344,0.026584752862328958,13.528790840547334,John Wayne Orange County International Airport,33.675063,-117.869281,US,large_airport
SPI,"Springfield, IL",468,14.322649572649572,16.185897435897434,0.202991452991453,0.04700854700854701,12.594017094017094,Abraham Lincoln Capital Airport,39.844101,-89.677902,US,medium_airport
SPS,"Wichita Falls, TX",520,12.486538461538462,13.411538461538461,0.16538461538461538,0.04038461538461539,15.540384615384616,Wichita Falls Municipal Airport / Sheppard Air Force Base,33.9888,-98.491898,US,medium_airport
SRQ,"Sarasota/Bradenton, FL",6008,15.762816245006658,16.338881491344875,0.20239680426098536,0.02829560585885486,14.036617842876165,Sarasota Bradenton International Airport,27.394631,-82.554359,US,large_airport
STC,"St. Cloud, MN",50,12.36,12.56,0.18,0.08,11.08,Saint Cloud Regional Airport,45.5466,-94.059898,US,medium_airport
STL,"St. Louis, MO",26721,12.628494442573256,11.859997754575053,0.1722240934096778,0.03158564424984095,11.291418734328806,St. Louis Lambert International Airport,38.748697,-90.370003,US,large_airport
STS,"Santa Rosa, CA",1464,9.441939890710383,10.560109289617486,0.14275956284153005,0.02459016393442623,14.079234972677595,Charles M. Schulz Sonoma County Airport,38.50899887,-122.8130035,US,medium_airport
SUN,"Sun Valley/Hailey/Ketchum, ID",794,15.32241813602015,16.60831234256927,0.14105793450881612,0.060453400503778336,15.244332493702771,Friedman Memorial Airport,43.50439835,-114.2959976,US,medium_airport
SUX,"Sioux City, IA",455,14.991208791208791,15.72087912087912,0.1824175824175824,0.04395604395604396,14.67032967032967,Sioux Gateway Airport / Brigadier General Bud Day Field,42.397605,-96.382237,US,medium_airport
SWF,"Newburgh/Poughkeepsie, NY",415,27.289156626506024,27.424096385542168,0.26265060240963856,0.043373493975903614,13.016867469879518,New York Stewart International Airport,41.50421,-74.108901,US,medium_airport
SWO,"Stillwater, OK",326,8.846625766871165,10.02760736196319,0.10429447852760736,0.03987730061349693,12.773006134969325,Stillwater Regional Airport,36.162132,-97.085581,US,medium_airport
SYR,"Syracuse, NY",5215,12.309683604985619,12.69568552253116,0.15781399808245447,0.03758389261744966,15.490508149568551,Syracuse Hancock International Airport,43.11119842529297,-76.1063003540039,US,large_airport
TBN,"Fort Leonard Wood, MO",67,6.597014925373134,5.373134328358209,0.04477611940298507,0.04477611940298507,11.805970149253731,Waynesville-St. Robert Regional Airport-Forney Field,37.7416,-92.140701,US,medium_airport
TLH,"Tallahassee, FL",2466,11.655717761557177,11.72668288726683,0.14274128142741282,0.019870235198702353,12.986212489862124,Tallahassee International Airport,30.401209,-84.35433,US,medium_airport
TOL,"Toledo, OH",541,15.914972273567468,15.870609981515711,0.19593345656192238,0.04436229205175601,11.186691312384474,Eugene F. Kranz Toledo Express Airport,41.5868,-83.8078,US,medium_airport
TPA,"Tampa, FL",32580,13.26500920810313,13.081522406384284,0.17443216697360345,0.028667894413750766,13.593216697360344,Tampa International Airport,27.9755,-82.533203,US,large_airport
TRI,"Bristol/Johnson City/Kingsport, TN",1257,11.878281622911695,11.720763723150357,0.14001591089896578,0.017501988862370723,14.172633253778839,Tri-Cities Regional TN/VA Airport,36.475201,-82.407401,US,medium_airport
TTN,"Trenton, NJ",976,21.97233606557377,22.498975409836067,0.25,0.03790983606557377,15.59016393442623,Trenton Mercer Airport,40.276699,-74.813499,US,medium_airport
TUL,"Tulsa, OK",6972,10.979632816982214,11.320998278829604,0.1465863453815261,0.025243832472748137,14.206827309236948,Tulsa International Airport,36.197084,-95.886225,US,large_airport
TUS,"Tucson, AZ",7473,10.753245015388734,10.722868995048842,0.13542084838752844,0.019804630001338152,13.52522414023819,Tucson International Airport,32.115004,-110.938053,US,large_airport
TVC,"Traverse City, MI",1966,15.514242115971516,16.053407934893183,0.17293997965412003,0.021363173957273652,15.521363173957274,Cherry Capital Airport,44.741402,-85.582199,US,medium_airport
TWF,"Twin Falls, ID",384,10.3203125,10.3984375,0.11197916666666667,0.0026041666666666665,12.580729166666666,Joslin Field Magic Valley Regional Airport,42.4818,-114.487999,US,medium_airport
TXK,"Texarkana, AR",461,10.954446854663775,11.780911062906725,0.15184381778741865,0.039045553145336226,12.412147505422993,Texarkana Regional Airport (Webb Field),33.453701,-93.990997,US,medium_airport
TYR,"Tyler, TX",588,10.585034013605442,12.127551020408163,0.15476190476190477,0.04421768707482993,14.363945578231293,Tyler Pounds Regional Airport,32.35409927368164,-95.40239715576172,US,medium_airport
TYS,"Knoxville, TN",6302,10.592827673754364,11.507933989209775,0.15074579498571883,0.023484608060933037,15.658362424627102,McGhee Tyson Airport,35.811001,-83.994003,US,large_airport
UIN,"Quincy, IL",51,20.03921568627451,19.941176470588236,0.19607843137254902,0.09803921568627451,13.803921568627452,Quincy Regional Airport Baldwin Field,39.942699,-91.194603,US,medium_airport
USA,"CONCORD, NC",149,10.865771812080537,12.731543624161073,0.2751677852348993,0.0,12.570469798657719,Concord-Padgett Regional Airport,35.387798,-80.709099,US,medium_airport
USA,"Concord, NC",401,18.99002493765586,21.032418952618453,0.3117206982543641,0.09476309226932668,11.214463840399002,Concord-Padgett Regional Airport,35.387798,-80.709099,US,medium_airport
VCT,"Victoria, TX",170,8.029411764705882,7.741176470588235,0.041176470588235294,0.041176470588235294,10.935294117647059,Victoria Regional Airport,28.85260009765625,-96.9185028076172,US,medium_airport
VEL,"Vernal, UT",318,14.716981132075471,16.59433962264151,0.1320754716981132,0.0660377358490566,14.30188679245283,Vernal Regional Airport,40.436214,-109.511661,US,medium_airport
VLD,"Valdosta, GA",500,13.974,13.84,0.106,0.01,13.688,Valdosta Regional Airport,30.78249931335449,-83.27670288085938,US,medium_airport
VPS,"Valparaiso, FL",4268,14.451968134957825,14.731958762886597,0.17525773195876287,0.030927835051546393,14.414714151827553,Destin-Fort Walton Beach Airport,30.481315,-86.515839,US,medium_airport
WRG,"Wrangell, AK",334,6.838323353293413,7.6946107784431135,0.1347305389221557,0.023952095808383235,7.730538922155689,Wrangell Airport,56.48429871,-132.3699951,US,medium_airport
WYS,"West Yellowstone, MT",143,6.419580419580419,6.6223776223776225,0.11188811188811189,0.006993006993006993,11.874125874125873,Yellowstone Airport,44.6884,-111.117996,US,medium_airport
XNA,"Fayetteville, AR",4962,14.15820233776703,15.359330914953647,0.1795646916565901,0.024788391777509067,15.48931882305522,Northwest Arkansas National Airport,36.281898,-94.306801,US,medium_airport
XWA,"Williston, ND",431,22.354988399071924,24.526682134570766,0.19953596287703015,0.04408352668213457,22.02552204176334,Williston Basin International Airport,48.260863,-103.75116,US,medium_airport
YAK,"Yakutat, AK",320,9.653125,10.4,0.165625,0.021875,11.315625,Yakutat Airport,59.508717,-139.660435,US,medium_airport
YKM,"Yakima, WA",152,6.947368421052632,7.309210526315789,0.11842105263157894,0.02631578947368421,6.157894736842105,Yakima Air Terminal McAllister Field,46.56819916,-120.5439987,US,medium_airport
YUM,"Yuma, AZ",830,13.032530120481928,13.62289156626506,0.1216867469879518,0.018072289156626505,14.51566265060241,Yuma International Airport / Marine Corps Air Station Yuma,32.650938,-114.609375,US,medium_airport
